fecha,magnitudVibracion,corriente,tiempo,operador,estadoMaquina
25/11/2025,1.56,0.55,1.02,Ing Ricardo,En reposo
25/11/2025,1.57,0.55,1.43,Ing Ricardo,En reposo
25/11/2025,1.57,0.55,1.83,Ing Ricardo,En reposo
25/11/2025,1.58,0.55,2.24,Ing Ricardo,En reposo
25/11/2025,1.57,0.56,2.75,Ing Ricardo,En reposo
25/11/2025,1.56,0.57,3.37,Ing Ricardo,En reposo
25/11/2025,1.58,0.57,3.99,Ing Ricardo,En reposo
25/11/2025,1.58,0.57,4.29,Ing Ricardo,En reposo
25/11/2025,1.57,0.57,5.01,Ing Ricardo,En reposo
25/11/2025,1.57,0.57,5.42,Ing Ricardo,En reposo
25/11/2025,1.6,0.57,5.83,Ing Ricardo,En reposo
25/11/2025,1.6,0.57,6.44,Ing Ricardo,En reposo
25/11/2025,1.56,0.58,6.89,Ing Ricardo,En reposo
25/11/2025,1.56,0.58,7.37,Ing Ricardo,En reposo
25/11/2025,1.57,0.58,7.77,Ing Ricardo,En reposo
25/11/2025,1.56,0.57,8.29,Ing Ricardo,En reposo
25/11/2025,1.58,0.56,8.80,Ing Ricardo,En reposo
25/11/2025,1.57,0.62,9.31,Ing Ricardo,En reposo
25/11/2025,1.6,0.66,9.82,Ing Ricardo,En reposo
25/11/2025,1.6,0.71,10.54,Ing Ricardo,En reposo
25/11/2025,1.59,0.75,10.85,Ing Ricardo,En reposo
25/11/2025,1.6,0.77,11.24,Ing Ricardo,En reposo
25/11/2025,1.59,0.79,11.77,Ing Ricardo,En reposo
25/11/2025,1.57,0.81,12.48,Ing Ricardo,En reposo
25/11/2025,1.56,0.82,12.90,Ing Ricardo,En reposo
25/11/2025,1.57,0.83,13.30,Ing Ricardo,En reposo
25/11/2025,1.59,0.85,13.82,Ing Ricardo,En reposo
25/11/2025,1.56,0.86,14.33,Ing Ricardo,En reposo
25/11/2025,1.57,0.89,14.74,Ing Ricardo,En reposo
25/11/2025,1.54,0.9,15.35,Ing Ricardo,En reposo
25/11/2025,1.56,0.89,16.17,Ing Ricardo,En reposo
25/11/2025,1.56,0.89,16.39,Ing Ricardo,En reposo
25/11/2025,1.59,0.89,16.79,Ing Ricardo,En reposo
25/11/2025,1.61,0.88,17.30,Ing Ricardo,En reposo
25/11/2025,1.6,0.9,18.12,Ing Ricardo,En reposo
25/11/2025,1.57,0.91,18.32,Ing Ricardo,En reposo
25/11/2025,1.61,0.9,18.73,Ing Ricardo,En reposo
25/11/2025,1.59,0.88,19.56,Ing Ricardo,En reposo
25/11/2025,1.61,0.86,19.75,Ing Ricardo,En reposo
25/11/2025,1.55,0.84,20.26,Ing Ricardo,En reposo
25/11/2025,1.61,0.83,20.98,Ing Ricardo,En reposo
25/11/2025,1.56,0.82,21.50,Ing Ricardo,En reposo
25/11/2025,1.59,0.81,22.32,Ing Ricardo,En reposo
25/11/2025,1.6,0.82,22.72,Ing Ricardo,En reposo
25/11/2025,1.56,0.83,23.03,Ing Ricardo,En reposo
25/11/2025,1.57,0.84,23.54,Ing Ricardo,En reposo
25/11/2025,1.6,0.83,23.76,Ing Ricardo,En reposo
25/11/2025,1.57,0.84,24.36,Ing Ricardo,En reposo
25/11/2025,1.55,0.83,24.98,Ing Ricardo,En reposo
25/11/2025,1.58,0.82,25.39,Ing Ricardo,En reposo
25/11/2025,1.57,0.81,25.91,Ing Ricardo,En reposo
25/11/2025,1.6,0.78,26.62,Ing Ricardo,En reposo
25/11/2025,1.62,0.78,26.93,Ing Ricardo,En reposo
25/11/2025,1.61,0.78,27.44,Ing Ricardo,En reposo
25/11/2025,1.57,0.73,28.16,Ing Ricardo,En reposo
25/11/2025,1.59,0.71,28.46,Ing Ricardo,En reposo
25/11/2025,1.59,0.69,29.10,Ing Ricardo,En reposo
25/11/2025,1.55,0.87,29.59,Ing Ricardo,En reposo
25/11/2025,1.54,1.15,30.10,Ing Ricardo,En reposo
25/11/2025,1.58,1.42,30.71,Ing Ricardo,En reposo
25/11/2025,1.58,1.62,30.92,Ing Ricardo,En reposo
25/11/2025,1.57,1.78,31.43,Ing Ricardo,En reposo
25/11/2025,1.6,1.92,31.84,Ing Ricardo,En reposo
25/11/2025,1.52,2.04,32.35,Ing Ricardo,En reposo
25/11/2025,1.59,2.14,32.96,Ing Ricardo,En reposo
25/11/2025,1.56,2.21,33.38,Ing Ricardo,En reposo
25/11/2025,1.59,2.26,33.77,Ing Ricardo,En reposo
25/11/2025,1.59,2.31,34.29,Ing Ricardo,En reposo
25/11/2025,1.59,2.36,35.02,Ing Ricardo,En reposo
25/11/2025,1.58,2.4,35.53,Ing Ricardo,En reposo
25/11/2025,1.56,2.42,36.45,Ing Ricardo,En reposo
25/11/2025,1.55,2.46,36.47,Ing Ricardo,En reposo
25/11/2025,1.53,2.48,37.17,Ing Ricardo,En reposo
25/11/2025,1.55,2.62,37.37,Ing Ricardo,En reposo
25/11/2025,1.57,2.78,37.98,Ing Ricardo,En reposo
25/11/2025,1.57,2.89,38.39,Ing Ricardo,En reposo
25/11/2025,1.59,2.97,38.91,Ing Ricardo,En reposo
25/11/2025,1.56,2.95,39.42,Ing Ricardo,En reposo
25/11/2025,1.59,2.8,40.65,Ing Ricardo,En reposo
25/11/2025,1.61,2.36,40.67,Ing Ricardo,En reposo
25/11/2025,1.81,2.2,42.29,Ing Ricardo,En reposo
25/11/2025,1.65,2.07,42.49,Ing Ricardo,En uso
25/11/2025,1.64,2.05,42.91,Ing Ricardo,En uso
25/11/2025,1.75,2.05,43.51,Ing Ricardo,En uso
25/11/2025,1.6,2.07,43.84,Ing Ricardo,En uso
25/11/2025,1.72,2.08,44.33,Ing Ricardo,En uso
25/11/2025,1.66,2.09,44.85,Ing Ricardo,En uso
25/11/2025,1.74,2.1,45.36,Ing Ricardo,En uso
25/11/2025,1.75,2.11,45.97,Ing Ricardo,En uso
25/11/2025,1.78,2.1,46.58,Ing Ricardo,En uso
25/11/2025,1.64,2.09,46.89,Ing Ricardo,En uso
25/11/2025,1.68,1.89,47.30,Ing Ricardo,En uso
25/11/2025,1.63,1.52,48.02,Ing Ricardo,En uso
25/11/2025,1.52,1.27,48.53,Ing Ricardo,En uso
25/11/2025,1.62,1.1,49.25,Ing Ricardo,En uso
25/11/2025,1.77,1.21,49.48,Ing Ricardo,En uso
25/11/2025,1.77,1.87,50.58,Ing Ricardo,En uso
25/11/2025,1.65,2.57,50.59,Ing Ricardo,En uso
25/11/2025,1.73,3.23,50.88,Ing Ricardo,En uso
25/11/2025,1.67,3.74,51.29,Ing Ricardo,En uso
25/11/2025,1.58,4.16,52.22,Ing Ricardo,En uso
25/11/2025,1.99,4.5,52.42,Ing Ricardo,En uso
25/11/2025,1.88,4.78,52.92,Ing Ricardo,En uso
25/11/2025,1.71,5.02,53.55,Ing Ricardo,En uso
25/11/2025,1.71,5.22,53.85,Ing Ricardo,En uso
25/11/2025,1.4,5.38,54.26,Ing Ricardo,En uso
25/11/2025,1.57,5.5,55.08,Ing Ricardo,En uso
25/11/2025,1.58,5.63,55.29,Ing Ricardo,En uso
25/11/2025,1.98,5.74,55.80,Ing Ricardo,En uso
25/11/2025,1.72,5.84,56.41,Ing Ricardo,En uso
25/11/2025,1.63,5.93,56.93,Ing Ricardo,En uso
25/11/2025,1.63,6,57.29,Ing Ricardo,En uso
25/11/2025,1.65,6.08,57.85,Ing Ricardo,En uso
25/11/2025,2.03,6.15,58.36,Ing Ricardo,En uso
25/11/2025,1.79,6.21,58.87,Ing Ricardo,En uso
25/11/2025,1.81,6.25,59.79,Ing Ricardo,En uso
25/11/2025,1.73,6.05,60.20,Ing Ricardo,En uso
25/11/2025,1.43,5.71,61.02,Ing Ricardo,En uso
25/11/2025,1.91,5.16,61.04,Ing Ricardo,En uso
25/11/2025,1.76,4.76,61.43,Ing Ricardo,En uso
25/11/2025,1.69,4.47,61.85,Ing Ricardo,En uso
25/11/2025,1.69,4.24,62.35,Ing Ricardo,En uso
25/11/2025,1.43,4.06,62.88,Ing Ricardo,En uso
25/11/2025,1.67,3.81,63.69,Ing Ricardo,En uso
25/11/2025,1.65,3.47,64.81,Ing Ricardo,En uso
25/11/2025,1.84,2.62,64.84,Ing Ricardo,En uso
25/11/2025,1.46,2.27,65.43,Ing Ricardo,En uso
25/11/2025,1.63,2.04,66.14,Ing Ricardo,En uso
25/11/2025,1.78,1.88,66.25,Ing Ricardo,En uso
25/11/2025,1.63,1.77,66.86,Ing Ricardo,En uso
25/11/2025,1.72,1.7,67.33,Ing Ricardo,En uso
25/11/2025,1.74,1.62,67.78,Ing Ricardo,En uso
25/11/2025,1.95,1.55,68.27,Ing Ricardo,En uso
25/11/2025,1.73,1.49,68.80,Ing Ricardo,En uso
25/11/2025,1.78,1.42,69.42,Ing Ricardo,En uso
25/11/2025,1.61,1.34,69.83,Ing Ricardo,En uso
25/11/2025,1.74,1.23,70.45,Ing Ricardo,En uso
25/11/2025,1.8,1.13,71.26,Ing Ricardo,En uso
25/11/2025,1.59,1.06,71.47,Ing Ricardo,En uso
25/11/2025,1.49,0.94,71.88,Ing Ricardo,En uso
25/11/2025,1.79,0.87,72.39,Ing Ricardo,En uso
25/11/2025,1.96,0.79,73.11,Ing Ricardo,En uso
25/11/2025,1.75,0.74,73.52,Ing Ricardo,En uso
25/11/2025,1.61,0.7,74.23,Ing Ricardo,En uso
25/11/2025,1.36,0.68,74.44,Ing Ricardo,En uso
25/11/2025,1.76,0.67,74.77,Ing Ricardo,En uso
25/11/2025,1.84,0.77,75.47,Ing Ricardo,En uso
25/11/2025,1.58,0.89,75.79,Ing Ricardo,En uso
25/11/2025,1.67,1.02,76.48,Ing Ricardo,En uso
25/11/2025,1.61,1.17,78.06,Ing Ricardo,En uso
25/11/2025,2.04,3.42,78.09,Ing Ricardo,En uso
25/11/2025,1.63,4.21,78.55,Ing Ricardo,En uso
25/11/2025,1.68,4.83,79.15,Ing Ricardo,En uso
25/11/2025,1.63,5.35,79.66,Ing Ricardo,En uso
25/11/2025,1.82,5.74,80.89,Ing Ricardo,En uso
25/11/2025,1.24,6.04,80.91,Ing Ricardo,En uso
25/11/2025,1.66,6.28,81.50,Ing Ricardo,En uso
25/11/2025,1.92,6.46,82.42,Ing Ricardo,En uso
25/11/2025,1.82,6.63,82.44,Ing Ricardo,En uso
25/11/2025,1.72,6.77,82.85,Ing Ricardo,En uso
25/11/2025,1.52,6.87,83.45,Ing Ricardo,En uso
25/11/2025,2.25,6.95,84.58,Ing Ricardo,En uso
25/11/2025,1.78,7.01,84.63,Ing Ricardo,En uso
25/11/2025,1.71,7.05,85.30,Ing Ricardo,En uso
25/11/2025,1.84,6.96,85.91,Ing Ricardo,En uso
25/11/2025,1.81,6.96,86.42,Ing Ricardo,En uso
25/11/2025,1.67,6.98,86.93,Ing Ricardo,En uso
25/11/2025,1.57,7.01,87.54,Ing Ricardo,En uso
25/11/2025,2.1,6.84,87.95,Ing Ricardo,En uso
25/11/2025,1.92,6.41,88.47,Ing Ricardo,En uso
25/11/2025,1.88,5.62,88.98,Ing Ricardo,En uso
25/11/2025,1.5,5.05,89.39,Ing Ricardo,En uso
25/11/2025,1.94,4.62,90.41,Ing Ricardo,En uso
25/11/2025,1.66,4.1,90.82,Ing Ricardo,En uso
25/11/2025,1.41,4.08,91.33,Ing Ricardo,En uso
25/11/2025,2.1,4.21,92.15,Ing Ricardo,En uso
25/11/2025,1.8,4.42,92.67,Ing Ricardo,En uso
25/11/2025,1.47,4.71,92.77,Ing Ricardo,En uso
25/11/2025,1.87,4.89,93.38,Ing Ricardo,En uso
25/11/2025,1.7,4.88,93.86,Ing Ricardo,En uso
25/11/2025,1.41,4.74,94.51,Ing Ricardo,En uso
25/11/2025,1.9,4.53,94.92,Ing Ricardo,En uso
25/11/2025,1.54,4.38,95.43,Ing Ricardo,En uso
25/11/2025,1.47,4.28,96.45,Ing Ricardo,En uso
25/11/2025,1.52,4.21,96.46,Ing Ricardo,En uso
25/11/2025,1.6,4.19,96.86,Ing Ricardo,En uso
25/11/2025,1.57,4.19,97.28,Ing Ricardo,En uso
25/11/2025,1.59,4.2,98.19,Ing Ricardo,En uso
25/11/2025,1.58,4.24,98.40,Ing Ricardo,En uso
25/11/2025,1.57,4.29,98.81,Ing Ricardo,En uso
