fecha,magnitudVibracion,corriente,tiempo,operador,estadoMaquina
25/11/2025,1.58,0.77,0.82,Ing Ricardo,En reposo
25/11/2025,1.57,0.78,1.34,Ing Ricardo,En reposo
25/11/2025,1.56,0.79,1.65,Ing Ricardo,En reposo
25/11/2025,1.57,0.79,2.06,Ing Ricardo,En reposo
25/11/2025,1.61,0.8,2.58,Ing Ricardo,En reposo
25/11/2025,1.57,0.8,3.08,Ing Ricardo,En reposo
25/11/2025,1.59,0.82,3.49,Ing Ricardo,En reposo
25/11/2025,1.6,0.83,4.21,Ing Ricardo,En reposo
25/11/2025,1.6,0.84,4.73,Ing Ricardo,En reposo
25/11/2025,1.55,0.85,5.13,Ing Ricardo,En reposo
25/11/2025,1.56,0.86,5.54,Ing Ricardo,En reposo
25/11/2025,1.58,0.86,6.15,Ing Ricardo,En reposo
25/11/2025,1.61,0.87,6.56,Ing Ricardo,En reposo
25/11/2025,1.56,0.85,6.97,Ing Ricardo,En reposo
25/11/2025,1.56,0.84,7.69,Ing Ricardo,En reposo
25/11/2025,1.6,0.83,8.20,Ing Ricardo,En reposo
25/11/2025,1.58,0.83,8.81,Ing Ricardo,En reposo
25/11/2025,1.6,0.83,9.13,Ing Ricardo,En reposo
25/11/2025,1.53,0.86,9.63,Ing Ricardo,En reposo
25/11/2025,1.54,0.9,10.04,Ing Ricardo,En reposo
25/11/2025,1.59,0.99,10.55,Ing Ricardo,En reposo
25/11/2025,1.54,1.18,11.28,Ing Ricardo,En reposo
25/11/2025,1.55,1.31,11.78,Ing Ricardo,En reposo
25/11/2025,1.55,1.48,12.72,Ing Ricardo,En reposo
25/11/2025,1.59,1.54,13.11,Ing Ricardo,En reposo
25/11/2025,1.56,1.58,13.62,Ing Ricardo,En reposo
25/11/2025,1.56,1.61,14.03,Ing Ricardo,En reposo
25/11/2025,1.59,1.62,14.86,Ing Ricardo,En reposo
25/11/2025,1.51,1.64,15.05,Ing Ricardo,En reposo
25/11/2025,1.6,1.65,15.58,Ing Ricardo,En reposo
25/11/2025,1.59,1.66,16.49,Ing Ricardo,En reposo
25/11/2025,1.59,1.68,16.79,Ing Ricardo,En reposo
25/11/2025,1.59,1.69,17.10,Ing Ricardo,En reposo
25/11/2025,1.66,1.71,17.51,Ing Ricardo,En reposo
25/11/2025,1.61,1.72,18.02,Ing Ricardo,En reposo
25/11/2025,1.61,1.73,18.53,Ing Ricardo,En reposo
25/11/2025,1.7,1.74,19.26,Ing Ricardo,En reposo
25/11/2025,1.52,1.95,19.66,Ing Ricardo,En reposo
25/11/2025,1.62,2.14,20.17,Ing Ricardo,En reposo
25/11/2025,1.57,2.35,20.48,Ing Ricardo,En reposo
25/11/2025,1.64,2.46,20.99,Ing Ricardo,En reposo
25/11/2025,1.57,2.56,21.61,Ing Ricardo,En reposo
25/11/2025,1.59,2.67,22.12,Ing Ricardo,En reposo
25/11/2025,1.58,2.76,22.63,Ing Ricardo,En reposo
25/11/2025,1.73,2.85,23.24,Ing Ricardo,En reposo
25/11/2025,1.64,2.91,23.67,Ing Ricardo,En reposo
25/11/2025,1.62,2.96,24.27,Ing Ricardo,En reposo
25/11/2025,1.49,2.99,24.58,Ing Ricardo,En reposo
25/11/2025,1.59,3.03,25.60,Ing Ricardo,En reposo
25/11/2025,1.55,3.05,26.31,Ing Ricardo,En reposo
25/11/2025,1.69,3.09,26.82,Ing Ricardo,En reposo
25/11/2025,1.65,3.12,27.34,Ing Ricardo,En reposo
25/11/2025,1.52,3.16,27.64,Ing Ricardo,En reposo
25/11/2025,1.53,3.19,28.16,Ing Ricardo,En uso
25/11/2025,1.76,3.21,28.56,Ing Ricardo,En uso
25/11/2025,1.69,3.24,29.18,Ing Ricardo,En uso
25/11/2025,1.64,3.15,29.69,Ing Ricardo,En uso
25/11/2025,1.55,3.03,30.30,Ing Ricardo,En uso
25/11/2025,1.49,2.75,30.52,Ing Ricardo,En uso
25/11/2025,1.59,2.2,31.02,Ing Ricardo,En uso
25/11/2025,1.69,1.81,31.52,Ing Ricardo,En uso
25/11/2025,1.6,1.32,32.59,Ing Ricardo,En uso
25/11/2025,1.58,1.17,33.17,Ing Ricardo,En uso
25/11/2025,1.58,1.05,33.70,Ing Ricardo,En uso
25/11/2025,1.66,0.97,34.71,Ing Ricardo,En uso
25/11/2025,1.7,0.88,34.73,Ing Ricardo,En uso
25/11/2025,1.58,0.81,35.22,Ing Ricardo,En uso
25/11/2025,1.47,0.76,35.83,Ing Ricardo,En uso
25/11/2025,1.51,0.73,36.24,Ing Ricardo,En uso
25/11/2025,1.61,0.71,36.49,Ing Ricardo,En uso
25/11/2025,1.68,0.7,37.07,Ing Ricardo,En uso
25/11/2025,1.68,0.7,37.68,Ing Ricardo,En uso
25/11/2025,1.68,0.69,38.15,Ing Ricardo,En uso
25/11/2025,1.61,0.69,38.50,Ing Ricardo,En uso
25/11/2025,1.54,0.67,39.01,Ing Ricardo,En uso
25/11/2025,1.7,0.64,39.73,Ing Ricardo,En uso
25/11/2025,1.58,0.62,40.33,Ing Ricardo,En uso
25/11/2025,1.64,0.61,40.55,Ing Ricardo,En uso
25/11/2025,1.56,0.58,41.42,Ing Ricardo,En uso
25/11/2025,1.48,0.56,41.67,Ing Ricardo,En reposo
25/11/2025,1.56,0.57,42.18,Ing Ricardo,En reposo
25/11/2025,1.53,0.58,42.50,Ing Ricardo,En reposo
25/11/2025,1.71,0.58,43.00,Ing Ricardo,En reposo
25/11/2025,1.68,0.55,43.72,Ing Ricardo,En uso
25/11/2025,1.56,0.53,44.54,Ing Ricardo,En uso
25/11/2025,1.46,0.54,44.73,Ing Ricardo,En uso
25/11/2025,1.67,0.55,45.36,Ing Ricardo,En uso
25/11/2025,1.67,0.63,45.66,Ing Ricardo,En uso
25/11/2025,1.64,0.73,46.07,Ing Ricardo,En uso
25/11/2025,1.52,0.84,46.59,Ing Ricardo,En uso
25/11/2025,1.45,0.97,47.10,Ing Ricardo,En uso
25/11/2025,1.63,1.12,47.61,Ing Ricardo,En uso
25/11/2025,1.57,1.29,48.03,Ing Ricardo,En uso
25/11/2025,1.66,1.48,48.74,Ing Ricardo,En uso
25/11/2025,1.62,2.27,49.25,Ing Ricardo,En uso
25/11/2025,1.63,2.85,49.66,Ing Ricardo,En uso
25/11/2025,1.47,3.28,50.07,Ing Ricardo,En uso
25/11/2025,1.63,3.63,50.58,Ing Ricardo,En uso
25/11/2025,1.68,3.95,51.30,Ing Ricardo,En uso
25/11/2025,1.69,4.18,51.71,Ing Ricardo,En uso
25/11/2025,1.55,4.37,52.11,Ing Ricardo,En uso
25/11/2025,1.53,4.53,52.53,Ing Ricardo,En uso
25/11/2025,1.59,4.68,52.98,Ing Ricardo,En uso
25/11/2025,1.69,4.8,53.49,Ing Ricardo,En uso
25/11/2025,1.69,4.91,54.37,Ing Ricardo,En uso
25/11/2025,1.7,4.99,54.69,Ing Ricardo,En uso
25/11/2025,1.61,5.07,55.09,Ing Ricardo,En uso
25/11/2025,1.55,5,55.60,Ing Ricardo,En uso
25/11/2025,1.57,4.96,56.01,Ing Ricardo,En uso
25/11/2025,1.72,4.93,56.63,Ing Ricardo,En uso
25/11/2025,1.62,4.91,57.03,Ing Ricardo,En uso
25/11/2025,1.52,4.79,57.75,Ing Ricardo,En uso
25/11/2025,1.54,4.56,58.47,Ing Ricardo,En uso
25/11/2025,1.58,4.29,58.77,Ing Ricardo,En uso
25/11/2025,1.66,4.1,59.19,Ing Ricardo,En uso
25/11/2025,1.65,3.96,59.59,Ing Ricardo,En uso
25/11/2025,1.68,3.76,60.11,Ing Ricardo,En uso
25/11/2025,1.58,3.42,60.51,Ing Ricardo,En uso
25/11/2025,1.57,2.67,61.03,Ing Ricardo,En uso
25/11/2025,1.7,2.14,61.54,Ing Ricardo,En uso
25/11/2025,1.6,1.74,62.05,Ing Ricardo,En uso
25/11/2025,1.55,1.84,62.66,Ing Ricardo,En uso
25/11/2025,1.45,1.94,63.18,Ing Ricardo,En reposo
25/11/2025,1.54,2.08,63.69,Ing Ricardo,En uso
25/11/2025,1.59,2.19,64.10,Ing Ricardo,En uso
25/11/2025,1.7,2.27,64.61,Ing Ricardo,En uso
25/11/2025,1.67,2.33,65.33,Ing Ricardo,En uso
25/11/2025,1.63,2.39,65.85,Ing Ricardo,En uso
25/11/2025,1.52,2.44,66.35,Ing Ricardo,En uso
25/11/2025,1.59,2.49,66.56,Ing Ricardo,En uso
25/11/2025,1.75,2.53,67.07,Ing Ricardo,En uso
25/11/2025,1.64,2.55,67.68,Ing Ricardo,En uso
25/11/2025,1.6,2.59,68.08,Ing Ricardo,En uso
25/11/2025,1.5,2.88,68.60,Ing Ricardo,En uso
25/11/2025,1.55,3.36,69.15,Ing Ricardo,En uso
25/11/2025,1.62,3.7,69.73,Ing Ricardo,En uso
25/11/2025,1.68,3.93,70.25,Ing Ricardo,En uso
25/11/2025,1.62,4.11,71.17,Ing Ricardo,En uso
25/11/2025,1.6,4.23,71.18,Ing Ricardo,En uso
25/11/2025,1.53,4.32,71.68,Ing Ricardo,En uso
25/11/2025,1.59,4.37,72.19,Ing Ricardo,En uso
25/11/2025,1.68,4.21,72.70,Ing Ricardo,En reposo
25/11/2025,1.65,4.02,73.31,Ing Ricardo,En reposo
25/11/2025,1.5,3.88,73.72,Ing Ricardo,En reposo
25/11/2025,1.49,3.8,74.13,Ing Ricardo,En reposo
25/11/2025,1.61,3.74,74.76,Ing Ricardo,En reposo
25/11/2025,1.72,3.7,75.16,Ing Ricardo,En reposo
25/11/2025,1.85,3.67,75.67,Ing Ricardo,En uso
25/11/2025,1.75,3.65,76.08,Ing Ricardo,En uso
25/11/2025,1.79,3.63,76.70,Ing Ricardo,En uso
25/11/2025,1.68,3.63,77.01,Ing Ricardo,En uso
25/11/2025,1.65,3.64,77.61,Ing Ricardo,En uso
25/11/2025,1.7,3.64,78.23,Ing Ricardo,En uso
25/11/2025,1.56,3.44,78.74,Ing Ricardo,En uso
25/11/2025,1.68,2.77,79.10,Ing Ricardo,En uso
25/11/2025,1.58,2.31,79.66,Ing Ricardo,En uso
25/11/2025,1.64,2.01,80.17,Ing Ricardo,En uso
25/11/2025,1.54,1.74,80.79,Ing Ricardo,En uso
25/11/2025,1.61,1.54,81.10,Ing Ricardo,En uso
25/11/2025,1.56,1.38,81.51,Ing Ricardo,En uso
25/11/2025,1.62,1.27,82.02,Ing Ricardo,En reposo
